timestamp,container_id,alarm_type,severity
2026-01-08T20:01:00,2,desborde,critical
2026-01-08T21:01:00,2,desborde,critical
2026-01-08T20:58:00,15,desborde,critical
2026-01-08T22:01:00,2,desborde,critical
2026-01-08T22:10:00,5,desborde,critical
2026-01-08T21:58:00,15,desborde,critical
2026-01-08T21:57:00,18,desborde,critical
2026-01-08T22:02:00,46,desborde,critical
2026-01-08T23:01:00,2,desborde,critical
2026-01-08T23:10:00,5,desborde,critical
2026-01-08T22:58:00,15,desborde,critical
2026-01-08T22:57:00,18,desborde,critical
2026-01-08T22:57:00,21,desborde,critical
2026-01-08T23:02:00,46,desborde,critical
2026-01-09T00:01:00,2,desborde,critical
2026-01-09T00:10:00,5,desborde,critical
2026-01-08T23:58:00,15,desborde,critical
2026-01-08T23:57:00,18,desborde,critical
2026-01-08T23:57:00,21,desborde,critical
2026-01-09T00:02:00,46,desborde,critical
2026-01-09T01:01:00,2,desborde,critical
2026-01-09T01:10:00,5,desborde,critical
2026-01-09T00:58:00,15,desborde,critical
2026-01-09T00:57:00,18,desborde,critical
2026-01-09T00:57:00,21,desborde,critical
2026-01-09T01:02:00,46,desborde,critical
2026-01-09T02:01:00,2,desborde,critical
2026-01-09T02:10:00,5,desborde,critical
2026-01-09T01:58:00,15,desborde,critical
2026-01-09T01:57:00,18,desborde,critical
2026-01-09T01:57:00,21,desborde,critical
2026-01-09T02:02:00,46,desborde,critical
2026-01-09T03:01:00,2,desborde,critical
2026-01-09T03:10:00,5,desborde,critical
2026-01-09T02:58:00,15,desborde,critical
2026-01-09T02:57:00,18,desborde,critical
2026-01-09T02:57:00,21,desborde,critical
2026-01-09T03:02:00,46,desborde,critical
2026-01-09T04:01:00,2,desborde,critical
2026-01-09T04:10:00,5,desborde,critical
2026-01-09T03:58:00,15,desborde,critical
2026-01-09T03:57:00,18,desborde,critical
2026-01-09T03:57:00,21,desborde,critical
2026-01-09T04:02:00,46,desborde,critical
2026-01-09T05:01:00,2,desborde,critical
2026-01-09T05:10:00,5,desborde,critical
2026-01-09T04:58:00,15,desborde,critical
2026-01-09T04:57:00,18,desborde,critical
2026-01-09T04:57:00,21,desborde,critical
2026-01-09T05:02:00,46,desborde,critical
2026-01-09T06:01:00,2,desborde,critical
2026-01-09T07:01:00,2,desborde,critical
2026-01-09T08:01:00,2,desborde,critical
2026-01-09T09:01:00,2,desborde,critical
2026-01-09T10:01:00,2,desborde,critical
2026-01-09T11:01:00,2,desborde,critical
2026-01-09T12:01:00,2,desborde,critical
2026-01-09T13:01:00,2,desborde,critical
2026-01-09T14:01:00,2,desborde,critical
2026-01-09T15:01:00,2,desborde,critical
2026-01-09T16:01:00,2,desborde,critical
2026-01-09T17:01:00,2,desborde,critical
2026-01-09T18:01:00,2,desborde,critical
2026-01-09T19:01:00,2,desborde,critical
2026-01-09T20:01:00,2,desborde,critical
2026-01-09T21:01:00,2,desborde,critical
2026-01-09T22:01:00,2,desborde,critical
2026-01-09T23:01:00,2,desborde,critical
2026-01-10T00:01:00,2,desborde,critical
2026-01-10T01:01:00,2,desborde,critical
2026-01-10T02:01:00,2,desborde,critical
2026-01-10T03:01:00,2,desborde,critical
2026-01-10T04:01:00,2,desborde,critical
2026-01-10T05:01:00,2,desborde,critical
2026-01-11T12:54:00,36,desborde,critical
2026-01-11T13:54:00,36,desborde,critical
2026-01-11T14:54:00,36,desborde,critical
2026-01-11T15:54:00,36,desborde,critical
2026-01-11T16:54:00,36,desborde,critical
2026-01-11T17:08:00,43,desborde,critical
2026-01-11T17:54:00,36,desborde,critical
2026-01-11T18:08:00,43,desborde,critical
2026-01-11T18:54:00,36,desborde,critical
2026-01-11T19:08:00,43,desborde,critical
2026-01-11T19:54:00,36,desborde,critical
2026-01-11T20:08:00,43,desborde,critical
2026-01-11T20:54:00,36,desborde,critical
2026-01-11T21:08:00,43,desborde,critical
2026-01-11T21:54:00,36,desborde,critical
2026-01-11T22:08:00,43,desborde,critical
2026-01-11T22:54:00,36,desborde,critical
2026-01-11T23:08:00,43,desborde,critical
