barrio,poblacion
Agronomia,28932
Almagro,117041
Balvanera,131599
Barracas,83267
Belgrano,142417
Boedo,75408
Caballito,201764
Chacarita,42477
Coghlan,19347
Colegiales,40459
Constitucion,26729
Flores,147477
Floresta,31518
La Boca,52728
Liniers,44501
Mataderos,75261
Monserrat,27958
Monte Castro,35685
Nueva Pompeya,51846
Nuñez,79454
Palermo,247252
Parque Avellaneda,48146
Parque Chacabuco,65785
Parque Chas,18887
Parque Patricios,39183
Paternal,30399
Puerto Madero,64131
Recoleta,160609
Retiro,57406
Saavedra,83720
San Cristobal,61938
San Nicolas,29107
San Telmo,15670
Velez Sarsfield,32603
Versalles,19107
Villa Crespo,49297
Villa Del Parque,48612
Villa Devoto,91579
Villa Gral. Mitre,30919
Villa Lugano,85274
Villa Luro,34863
Villa Ortuzar,25273
Villa Pueyrredon,49930
Villa Real,18120
Villa Riachuelo,38893
Villa Santa Rita,30796
Villa Soldati,79721
Villa Urquiza,82366
