barrio,zone_type,res_multifamily_pct,res_singlefamily_pct,commercial_pct,office_pct,industrial_pct,total_parcelas,demand_multiplier,weekend_factor
AGRONOMIA,residential_multifamily,41.99,39.02,13.45,2.67,2.34,2996,1.0614,0.7564
ALMAGRO,commercial,46.14,12.98,32.1,5.56,2.7,10860,1.1477,0.7874
BALVANERA,commercial,32.26,3.23,53.52,7.72,3.05,13380,1.2214,0.879
BARRACAS,residential_multifamily,34.85,22.65,19.18,4.94,16.26,8483,1.0253,0.6837
BELGRANO,commercial,39.71,21.31,33.75,4.48,0.27,11024,1.154,0.8334
BOEDO,residential_multifamily,42.48,25.69,20.91,4.69,5.2,7484,1.0829,0.7469
CABALLITO,residential_multifamily,47.93,22.14,24.95,2.93,1.65,16496,1.1245,0.7845
CHACARITA,residential_multifamily,39.12,22.1,24.92,5.76,7.43,4547,1.0898,0.7472
COGHLAN,residential_multifamily,43.28,39.2,12.55,2.44,2.38,3156,1.0611,0.7518
COLEGIALES,residential_multifamily,44.16,26.45,23.99,4.04,1.07,5319,1.1156,0.7861
CONSTITUCION,commercial,42.42,8.74,30.91,10.58,5.42,4187,1.1172,0.7353
FLORES,residential_multifamily,33.99,30.74,25.63,3.5,5.75,19006,1.0938,0.7909
FLORESTA,commercial,28.83,25.04,31.62,2.43,11.66,8154,1.0962,0.7943
LA BOCA,residential_multifamily,43.86,13.01,22.42,5.83,13.15,4220,1.0636,0.6868
LINIERS,residential_singlefamily,34.26,42.49,18.61,2.21,1.85,11385,1.0748,0.8006
MATADEROS,residential_singlefamily,33.92,38.98,13.98,1.78,11.04,16808,1.0275,0.7287
MONSERRAT,office,25.39,3.22,47.39,21.16,2.4,4541,1.171,0.7778
MONTE CASTRO,residential_multifamily,39.08,37.54,16.2,1.97,4.8,8068,1.0633,0.7627
NUEVA POMPEYA,residential_singlefamily,29.19,38.53,13.23,2.2,16.14,10017,0.9995,0.7009
NUÑEZ,residential_multifamily,45.48,30.21,19.75,3.47,0.82,6199,1.1,0.7739
PALERMO,commercial,44.98,12.14,35.9,5.49,1.05,19663,1.1684,0.815
PARQUE AVELLANEDA,residential_singlefamily,34.57,43.0,14.09,1.95,5.45,9575,1.0427,0.762
PARQUE CHACABUCO,residential_singlefamily,34.41,41.05,15.57,3.63,4.65,10561,1.051,0.7604
PARQUE CHAS,residential_multifamily,43.29,39.78,11.09,1.52,3.92,4336,1.0498,0.7433
PARQUE PATRICIOS,residential_multifamily,37.05,28.65,18.18,4.82,10.54,5606,1.0475,0.7153
PATERNAL,residential_multifamily,36.64,28.82,15.3,3.53,15.1,3914,1.0222,0.6863
PUERTO MADERO,office,7.79,0.0,72.61,19.35,0.0,398,1.268,0.9398
RECOLETA,commercial,47.66,1.99,43.77,6.15,0.3,10234,1.2108,0.836
RETIRO,commercial,31.27,0.45,52.23,14.08,1.0,2891,1.2105,0.8425
SAAVEDRA,residential_multifamily,42.7,39.63,12.35,2.8,2.13,9495,1.0587,0.7512
SAN CRISTOBAL,residential_multifamily,45.22,15.52,26.88,6.17,5.12,5250,1.1124,0.7504
SAN NICOLAS,office,14.73,0.43,57.53,26.11,0.5,5581,1.2002,0.8152
SAN TELMO,commercial,35.59,9.08,39.63,13.34,1.39,2301,1.1598,0.7901
VELEZ SARSFIELD,residential_multifamily,40.84,37.1,16.12,2.02,3.49,6782,1.0694,0.7661
VERSALLES,residential_singlefamily,31.59,55.84,8.24,1.59,1.67,3469,1.0231,0.7763
VILLA CRESPO,commercial,40.23,14.78,35.17,4.03,5.22,10878,1.1464,0.8081
VILLA DEL PARQUE,residential_multifamily,42.85,35.31,17.82,1.8,1.71,9541,1.0852,0.7803
VILLA DEVOTO,residential_singlefamily,38.68,44.68,12.56,1.79,1.94,15133,1.0554,0.7709
VILLA GRAL. MITRE,residential_multifamily,41.93,30.28,17.02,3.12,7.04,5681,1.0625,0.7349
VILLA LUGANO,residential_singlefamily,29.08,44.32,12.89,1.78,11.41,11082,1.0133,0.7343
VILLA LURO,residential_multifamily,42.69,36.84,13.89,2.68,3.55,6564,1.0616,0.7484
VILLA ORTUZAR,residential_multifamily,37.48,31.39,16.9,3.99,9.75,4432,1.0468,0.7215
VILLA PUEYRREDON,residential_multifamily,43.08,39.62,13.36,1.42,2.02,8314,1.065,0.7649
VILLA REAL,residential_singlefamily,37.2,44.46,13.85,1.82,2.23,3675,1.0576,0.777
VILLA RIACHUELO,residential_singlefamily,25.7,41.6,24.31,2.04,5.87,4257,1.0761,0.8172
VILLA SANTA RITA,residential_multifamily,42.3,35.09,15.59,1.82,4.82,6660,1.0656,0.7535
VILLA SOLDATI,industrial,20.99,34.36,10.96,3.03,27.66,4816,0.9313,0.6267
VILLA URQUIZA,residential_multifamily,44.93,32.04,18.42,2.17,2.06,14928,1.0902,0.7722
