timestamp,container_id,kind,level_before_pct,level_after_pct,detected_by_sensor
2026-01-07T14:07:00,3,partial,63.19,36.32,True
2026-01-07T13:56:00,23,total,62.68,4.02,True
2026-01-07T14:01:00,25,total,62.53,6.75,True
2026-01-07T14:06:00,28,total,62.66,2.0,True
2026-01-07T13:51:00,38,partial,63.28,23.19,True
2026-01-07T13:52:00,42,total,63.55,6.55,True
2026-01-07T13:54:00,47,total,62.87,5.65,True
2026-01-07T14:05:00,48,total,62.21,2.74,True
2026-01-07T13:56:00,57,total,63.04,3.88,True
2026-01-07T14:10:00,60,total,62.8,6.66,True
2026-01-07T14:07:00,72,total,63.08,0.48,True
2026-01-07T14:08:00,74,total,63.81,2.53,True
2026-01-07T14:00:00,83,total,62.57,7.54,True
2026-01-07T13:53:00,100,total,64.3,4.1,True
2026-01-07T20:50:00,1,total,71.48,1.52,True
2026-01-07T20:53:00,2,total,69.87,2.25,True
2026-01-07T20:58:00,4,total,66.81,3.13,True
2026-01-07T21:10:00,5,total,70.79,1.48,True
2026-01-07T20:59:00,8,total,69.57,1.03,True
2026-01-07T21:03:00,9,total,68.5,5.95,True
2026-01-07T20:55:00,10,total,68.64,7.82,True
2026-01-07T21:04:00,11,total,69.78,5.49,True
2026-01-07T20:50:00,12,total,70.02,3.62,True
2026-01-07T20:58:00,13,total,69.27,3.59,True
2026-01-07T21:06:00,14,total,69.59,5.73,True
2026-01-07T20:55:00,15,total,69.93,2.85,True
2026-01-07T21:06:00,16,total,73.36,3.01,True
2026-01-07T20:53:00,17,partial,70.65,33.95,True
2026-01-07T20:59:00,19,total,72.02,6.7,True
2026-01-07T21:10:00,20,total,69.95,3.21,True
2026-01-07T21:06:00,21,total,73.4,0.92,True
2026-01-07T21:09:00,22,total,69.68,7.6,True
2026-01-07T20:54:00,24,total,70.99,0.13,True
2026-01-07T20:55:00,26,total,67.71,4.7,True
2026-01-07T21:07:00,27,total,69.68,1.4,True
2026-01-07T21:09:00,30,total,72.55,7.84,True
2026-01-07T21:00:00,31,total,70.2,3.54,True
2026-01-07T21:05:00,32,total,69.28,2.44,True
2026-01-07T20:50:00,33,total,71.52,1.42,True
2026-01-07T20:53:00,34,total,70.21,5.25,True
2026-01-07T20:59:00,36,total,69.06,5.66,True
2026-01-07T20:57:00,39,total,71.92,5.79,True
2026-01-07T21:08:00,40,total,70.18,3.73,True
2026-01-07T20:52:00,41,total,69.41,6.81,True
2026-01-07T21:05:00,43,total,70.05,0.43,True
2026-01-07T20:52:00,44,total,69.72,7.43,True
2026-01-07T20:54:00,46,total,71.41,3.88,True
2026-01-07T21:07:00,49,total,70.67,2.82,True
2026-01-07T20:55:00,50,total,71.46,0.67,True
2026-01-07T20:58:00,51,total,71.45,5.15,True
2026-01-07T21:06:00,52,total,69.3,0.35,True
2026-01-07T21:09:00,53,total,69.09,4.19,True
2026-01-07T21:03:00,54,total,67.89,5.04,True
2026-01-07T20:56:00,55,total,71.65,7.7,True
2026-01-07T21:07:00,56,total,66.8,4.73,True
2026-01-07T20:59:00,58,total,69.06,6.37,True
2026-01-07T21:02:00,59,total,70.15,5.03,True
2026-01-07T21:04:00,62,total,69.59,0.87,True
2026-01-07T21:06:00,63,total,70.0,2.8,True
2026-01-07T21:04:00,64,total,70.08,4.5,True
2026-01-07T20:53:00,65,total,68.8,6.24,True
2026-01-07T20:57:00,66,total,70.91,5.7,True
2026-01-07T20:57:00,67,total,71.69,6.04,True
2026-01-07T20:52:00,68,partial,71.25,33.12,True
2026-01-07T21:00:00,69,total,68.38,1.91,True
2026-01-07T20:50:00,70,total,69.68,7.16,True
2026-01-07T21:08:00,71,total,69.33,1.22,True
2026-01-07T20:57:00,73,total,68.95,0.32,True
2026-01-07T20:57:00,75,total,68.78,7.38,True
2026-01-07T20:50:00,76,total,72.07,7.28,True
2026-01-07T20:52:00,77,total,71.62,5.93,True
2026-01-07T21:10:00,78,total,70.98,1.31,True
2026-01-07T20:51:00,79,partial,71.55,32.08,True
2026-01-07T20:57:00,80,total,68.72,2.49,True
2026-01-07T20:52:00,81,total,67.81,4.75,True
2026-01-07T20:51:00,82,total,71.9,2.25,True
2026-01-07T20:52:00,84,total,72.91,4.77,True
2026-01-07T20:57:00,86,total,70.87,6.3,True
2026-01-07T20:58:00,87,total,70.92,0.87,True
2026-01-07T21:05:00,88,total,70.74,1.11,True
2026-01-07T20:56:00,89,total,70.0,7.84,True
2026-01-07T21:07:00,90,partial,68.7,35.56,True
2026-01-07T20:54:00,91,total,71.22,6.06,True
2026-01-07T21:08:00,92,total,71.98,7.76,True
2026-01-07T21:08:00,93,total,71.63,5.11,True
2026-01-07T21:05:00,94,total,70.86,2.33,True
2026-01-07T20:57:00,95,total,72.19,6.76,True
2026-01-07T21:05:00,96,total,69.6,6.27,True
2026-01-07T21:03:00,97,total,69.84,2.11,True
2026-01-07T20:56:00,98,total,69.93,4.1,True
2026-01-07T20:53:00,99,partial,72.17,21.87,True
2026-01-08T06:00:00,6,total,75.42,1.37,True
2026-01-08T05:53:00,7,partial,72.74,39.69,True
2026-01-08T06:10:00,18,partial,74.68,26.37,True
2026-01-08T05:50:00,29,partial,76.29,45.31,True
2026-01-08T06:01:00,35,total,76.16,0.43,True
2026-01-08T05:57:00,37,total,76.84,7.94,True
2026-01-08T06:07:00,45,total,78.23,3.22,True
2026-01-08T06:01:00,61,total,75.23,7.91,True
2026-01-08T06:06:00,85,partial,77.88,35.85,True
2026-01-08T20:50:00,29,total,64.92,6.9,True
2026-01-09T05:53:00,7,total,64.29,3.96,True
2026-01-09T05:53:00,17,total,65.52,0.14,True
2026-01-09T05:51:00,38,total,64.1,7.89,True
2026-01-09T05:52:00,68,total,64.99,2.54,True
2026-01-09T05:51:00,79,partial,63.48,15.36,True
2026-01-09T06:07:00,90,total,66.66,7.63,True
2026-01-09T14:06:00,85,total,70.0,5.6,True
2026-01-09T13:53:00,99,total,63.36,5.98,True
2026-01-09T21:07:00,3,total,100.0,5.25,True
2026-01-09T21:10:00,18,total,71.57,2.1,True
2026-01-09T20:56:00,23,total,63.86,3.71,True
2026-01-09T20:52:00,42,partial,68.63,34.19,True
2026-01-09T20:54:00,47,total,69.3,0.71,True
2026-01-09T21:05:00,48,total,63.81,5.56,True
2026-01-09T20:56:00,57,total,66.14,1.15,True
2026-01-09T21:08:00,74,total,67.31,0.91,True
2026-01-09T20:53:00,100,total,66.85,1.57,True
2026-01-10T05:58:00,4,total,57.77,2.81,True
2026-01-10T06:10:00,5,total,59.13,7.7,True
2026-01-10T05:59:00,8,partial,58.37,17.1,True
2026-01-10T06:03:00,9,total,61.77,5.36,True
2026-01-10T05:55:00,10,partial,62.89,30.26,True
2026-01-10T06:04:00,11,total,62.02,6.57,True
2026-01-10T06:06:00,14,total,60.6,3.79,True
2026-01-10T05:55:00,15,total,62.05,2.04,True
2026-01-10T05:59:00,19,total,62.41,1.02,True
2026-01-10T06:06:00,21,total,58.04,7.92,True
2026-01-10T06:09:00,22,total,63.31,3.78,True
2026-01-10T05:54:00,24,total,56.99,6.9,True
2026-01-10T06:01:00,25,total,73.54,5.54,True
2026-01-10T05:55:00,26,total,62.59,4.92,True
2026-01-10T06:07:00,27,total,58.19,0.56,True
2026-01-10T06:06:00,28,partial,71.59,18.94,True
2026-01-10T06:09:00,30,total,65.44,6.42,True
2026-01-10T06:00:00,31,total,61.13,6.2,True
2026-01-10T06:05:00,32,total,59.6,5.42,True
2026-01-10T05:50:00,33,total,60.92,6.78,True
2026-01-10T05:53:00,34,total,63.84,5.58,True
2026-01-10T05:59:00,36,total,63.62,3.7,True
2026-01-10T05:57:00,37,partial,57.69,16.16,True
2026-01-10T05:57:00,39,total,61.85,3.43,True
2026-01-10T05:52:00,41,total,62.85,5.53,True
2026-01-10T05:52:00,44,total,65.15,5.14,True
2026-01-10T05:54:00,46,total,59.02,2.21,True
2026-01-10T06:07:00,49,total,62.28,2.54,True
2026-01-10T05:58:00,51,total,63.43,0.94,True
2026-01-10T06:06:00,52,total,56.47,5.9,True
2026-01-10T06:09:00,53,total,59.97,3.39,True
2026-01-10T06:03:00,54,total,62.01,1.26,True
2026-01-10T06:07:00,56,total,58.3,5.31,True
2026-01-10T06:02:00,59,total,62.12,1.51,True
2026-01-10T06:01:00,61,total,58.84,4.45,True
2026-01-10T06:04:00,62,total,57.38,2.49,True
2026-01-10T06:06:00,63,total,59.06,6.39,True
2026-01-10T06:04:00,64,total,63.1,5.71,True
2026-01-10T05:57:00,66,total,60.81,3.57,True
2026-01-10T05:57:00,67,total,60.86,1.75,True
2026-01-10T06:00:00,69,total,59.26,5.19,True
2026-01-10T06:08:00,71,total,58.06,4.03,True
2026-01-10T06:07:00,72,total,66.15,2.47,True
2026-01-10T05:57:00,73,partial,57.72,10.65,True
2026-01-10T05:57:00,75,total,65.83,3.53,True
2026-01-10T05:50:00,76,total,64.66,4.34,True
2026-01-10T06:10:00,78,total,58.59,0.01,True
2026-01-10T05:57:00,80,total,58.56,3.42,True
2026-01-10T05:52:00,81,total,61.67,5.21,True
2026-01-10T05:51:00,82,total,61.43,2.83,True
2026-01-10T06:00:00,83,total,72.05,2.71,True
2026-01-10T05:52:00,84,total,58.2,3.38,True
2026-01-10T05:57:00,86,total,63.88,4.95,True
2026-01-10T05:58:00,87,total,59.49,4.8,True
2026-01-10T06:05:00,88,total,59.23,6.7,True
2026-01-10T05:56:00,89,partial,63.1,17.26,True
2026-01-10T05:54:00,91,total,62.89,2.96,True
2026-01-10T06:08:00,92,total,63.84,0.98,True
2026-01-10T06:08:00,93,total,59.1,3.51,True
2026-01-10T06:05:00,94,total,59.54,6.12,True
2026-01-10T05:57:00,95,total,62.97,2.97,True
2026-01-10T06:05:00,96,total,63.92,2.7,True
2026-01-10T06:03:00,97,total,57.29,1.32,True
2026-01-10T05:56:00,98,total,59.96,5.45,True
2026-01-10T13:50:00,1,total,67.22,0.26,True
2026-01-10T14:00:00,6,total,61.7,0.1,True
2026-01-10T13:50:00,12,total,73.07,7.33,True
2026-01-10T13:58:00,13,total,72.44,4.85,True
2026-01-10T14:06:00,16,total,70.44,4.11,True
2026-01-10T14:10:00,20,total,73.43,3.19,True
2026-01-10T14:01:00,35,partial,65.49,19.28,True
2026-01-10T14:08:00,40,total,69.91,2.73,True
2026-01-10T14:05:00,43,total,66.36,5.38,True
2026-01-10T14:07:00,45,total,66.21,4.45,True
2026-01-10T13:59:00,58,total,77.89,4.97,True
2026-01-10T14:10:00,60,total,84.99,4.67,True
2026-01-10T13:50:00,70,total,77.1,4.17,True
2026-01-10T13:52:00,77,total,76.74,5.61,True
2026-01-10T20:55:00,10,total,55.45,6.1,True
2026-01-10T20:52:00,42,total,63.43,3.34,True
2026-01-10T20:55:00,50,partial,78.42,52.86,True
2026-01-10T20:56:00,55,partial,90.31,35.92,True
2026-01-10T20:53:00,65,total,84.61,6.48,True
2026-01-10T20:51:00,79,total,65.11,3.91,True
2026-01-10T21:07:00,90,total,57.53,0.37,True
2026-01-11T05:50:00,29,total,69.12,0.4,True
2026-01-11T05:55:00,50,total,60.1,4.16,True
2026-01-11T05:52:00,68,total,61.3,5.61,True
2026-01-11T13:53:00,2,partial,100.0,74.16,True
2026-01-11T13:53:00,7,total,72.47,0.11,True
2026-01-11T13:53:00,17,total,65.27,1.84,True
2026-01-11T14:06:00,28,total,57.53,3.15,True
2026-01-11T13:57:00,37,total,57.06,6.87,True
2026-01-11T13:51:00,38,total,71.55,2.8,True
2026-01-11T14:06:00,85,total,64.06,2.67,True
2026-01-11T13:56:00,89,total,57.16,0.21,True
2026-01-11T13:53:00,99,partial,62.19,33.54,True
2026-01-11T20:53:00,2,total,83.92,4.51,True
2026-01-11T21:07:00,3,total,65.67,5.88,True
2026-01-11T20:59:00,8,total,65.72,6.61,True
2026-01-11T21:03:00,9,total,59.47,1.5,True
2026-01-11T21:04:00,11,total,60.01,2.65,True
2026-01-11T21:06:00,21,partial,58.17,8.57,True
2026-01-11T20:56:00,23,total,61.42,6.6,True
2026-01-11T20:54:00,24,total,58.96,5.7,True
2026-01-11T21:01:00,25,total,55.21,5.8,True
2026-01-11T20:55:00,26,total,56.35,6.81,True
2026-01-11T21:09:00,30,total,60.61,1.96,True
2026-01-11T21:05:00,32,total,57.7,0.77,True
2026-01-11T20:50:00,33,total,60.4,0.28,True
2026-01-11T20:53:00,34,total,60.2,7.76,True
2026-01-11T21:01:00,35,total,56.95,3.86,True
2026-01-11T20:52:00,41,total,56.65,5.24,True
2026-01-11T20:52:00,44,total,55.63,7.02,True
2026-01-11T20:54:00,47,total,58.75,6.25,True
2026-01-11T21:05:00,48,total,65.11,7.95,True
2026-01-11T20:56:00,55,total,65.56,5.07,True
2026-01-11T20:56:00,57,total,56.68,6.92,True
2026-01-11T21:01:00,61,total,57.27,3.68,True
2026-01-11T21:06:00,63,partial,57.1,13.14,True
2026-01-11T21:04:00,64,total,59.45,0.14,True
2026-01-11T21:08:00,71,total,55.49,7.0,True
2026-01-11T20:57:00,73,total,61.23,3.28,True
2026-01-11T21:08:00,74,total,60.47,1.24,True
2026-01-11T20:57:00,75,total,55.32,7.45,True
2026-01-11T20:52:00,81,total,56.07,3.26,True
2026-01-11T20:51:00,82,total,57.54,5.56,True
2026-01-11T20:52:00,84,partial,58.1,5.03,True
2026-01-11T20:57:00,86,total,56.4,5.57,True
2026-01-11T20:58:00,87,total,58.62,0.76,True
2026-01-11T20:54:00,91,total,55.76,6.89,True
2026-01-11T21:08:00,93,total,56.4,4.23,True
2026-01-11T20:56:00,98,total,59.2,2.42,True
2026-01-11T20:53:00,100,total,64.6,0.35,True
